{"0": {"SCR": 0, "SSR": 0.0, "EFC": 0, "Demand_peak": 5.64, "Inj_peak": 0.0, "avg_dod": 0, "bill": 701.4352, "Batt_revenue": 0.0, "Batt_penetration": 50, "PV_penetration": 50, "seed": 1, "hh": 0}, "1": {"SCR": 0, "SSR": 0.0, "EFC": 0, "Demand_peak": 4.12, "Inj_peak": 0.0, "avg_dod": 0, "bill": 289.10360000000003, "Batt_revenue": 0.0, "Batt_penetration": 50, "PV_penetration": 50, "seed": 1, "hh": 1}, "2": {"SCR": 0, "SSR": 0.0, "EFC": 0, "Demand_peak": 5.56, "Inj_peak": 0.0, "avg_dod": 0, "bill": 826.6484, "Batt_revenue": 0.0, "Batt_penetration": 50, "PV_penetration": 50, "seed": 1, "hh": 2}, "3": {"SCR": 8.317036579904363, "SSR": 45.27317206580976, "EFC": 0, "Demand_peak": 1.7554149795332246, "Inj_peak": 9.659999999999998, "avg_dod": 0, "bill": -209.6517287682534, "Batt_revenue": 0.0, "Batt_penetration": 50, "PV_penetration": 50, "seed": 1, "hh": 3}, "4": {"SCR": 85.04221060934478, "SSR": 41.22847475753606, "EFC": 116.37680314492734, "Demand_peak": 9.070750577702473, "Inj_peak": 2.0426530991441583, "avg_dod": 0.3188405565614448, "bill": 845.5525689529419, "Batt_revenue": 61.44153581651956, "Batt_penetration": 50, "PV_penetration": 50, "seed": 1, "hh": 4}, "5": {"SCR": 0, "SSR": 0.0, "EFC": 0, "Demand_peak": 3.24, "Inj_peak": 0.0, "avg_dod": 0, "bill": 171.51840000000004, "Batt_revenue": 0.0, "Batt_penetration": 50, "PV_penetration": 50, "seed": 1, "hh": 5}, "6": {"SCR": 40.25644253924512, "SSR": 28.20743643465621, "EFC": 115.23429822675705, "Demand_peak": 6.28, "Inj_peak": 3.76, "avg_dod": 0.3157104061007042, "bill": 258.54245375929645, "Batt_revenue": 125.97516189787035, "Batt_penetration": 50, "PV_penetration": 50, "seed": 1, "hh": 6}, "7": {"SCR": 0, "SSR": 0.0, "EFC": 0, "Demand_peak": 4.68, "Inj_peak": 0.0, "avg_dod": 0, "bill": 410.3444, "Batt_revenue": 0.0, "Batt_penetration": 50, "PV_penetration": 50, "seed": 1, "hh": 7}, "8": {"SCR": 0, "SSR": 0.0, "EFC": 0, "Demand_peak": 5.16, "Inj_peak": 0.0, "avg_dod": 0, "bill": 616.0596, "Batt_revenue": 0.0, "Batt_penetration": 50, "PV_penetration": 50, "seed": 1, "hh": 8}, "9": {"SCR": 0, "SSR": 0.0, "EFC": 0, "Demand_peak": 6.24, "Inj_peak": 0.0, "avg_dod": 0, "bill": 547.244, "Batt_revenue": 0.0, "Batt_penetration": 50, "PV_penetration": 50, "seed": 1, "hh": 9}, "10": {"SCR": 0, "SSR": 0.0, "EFC": 0, "Demand_peak": 2.0, "Inj_peak": 0.0, "avg_dod": 0, "bill": 288.04920000000004, "Batt_revenue": 0.0, "Batt_penetration": 50, "PV_penetration": 50, "seed": 1, "hh": 10}, "11": {"SCR": 0, "SSR": 0.0, "EFC": 0, "Demand_peak": 6.0, "Inj_peak": 0.0, "avg_dod": 0, "bill": 360.3056000000001, "Batt_revenue": 0.0, "Batt_penetration": 50, "PV_penetration": 50, "seed": 1, "hh": 11}, "12": {"SCR": 0, "SSR": 0.0, "EFC": 0, "Demand_peak": 5.8, "Inj_peak": 0.0, "avg_dod": 0, "bill": 272.842, "Batt_revenue": 0.0, "Batt_penetration": 50, "PV_penetration": 50, "seed": 1, "hh": 12}, "13": {"SCR": 9.181943605102855, "SSR": 49.47528977040988, "EFC": 0, "Demand_peak": 4.72, "Inj_peak": 9.46, "avg_dod": 0, "bill": -202.88749530609184, "Batt_revenue": -2.6645352591003753e-17, "Batt_penetration": 50, "PV_penetration": 50, "seed": 1, "hh": 13}, "14": {"SCR": 0, "SSR": 0.0, "EFC": 0, "Demand_peak": 16.56, "Inj_peak": 0.0, "avg_dod": 0, "bill": 980.0083999999999, "Batt_revenue": 0.0, "Batt_penetration": 50, "PV_penetration": 50, "seed": 1, "hh": 14}, "15": {"SCR": 4.23699940046304, "SSR": 38.81338584512019, "EFC": 0, "Demand_peak": 2.08, "Inj_peak": 4.2, "avg_dod": 0, "bill": -150.414045333287, "Batt_revenue": 0.0, "Batt_penetration": 50, "PV_penetration": 50, "seed": 1, "hh": 15}, "16": {"SCR": 0, "SSR": 0.0, "EFC": 0, "Demand_peak": 2.56, "Inj_peak": 0.0, "avg_dod": 0, "bill": 56.9164, "Batt_revenue": 0.0, "Batt_penetration": 50, "PV_penetration": 50, "seed": 1, "hh": 16}, "17": {"SCR": 0, "SSR": 0.0, "EFC": 0, "Demand_peak": 4.8, "Inj_peak": 0.0, "avg_dod": 0, "bill": 197.4036, "Batt_revenue": 0.0, "Batt_penetration": 50, "PV_penetration": 50, "seed": 1, "hh": 17}, "18": {"SCR": 49.29782928790418, "SSR": 85.62617074332914, "EFC": 113.50801297357847, "Demand_peak": 3.68, "Inj_peak": 3.2861759760864824, "avg_dod": 0.31098085746185883, "bill": 11.403312385742051, "Batt_revenue": 95.79432073346251, "Batt_penetration": 50, "PV_penetration": 50, "seed": 1, "hh": 18}, "19": {"SCR": 36.31279961620125, "SSR": 31.123498018800632, "EFC": 0, "Demand_peak": 4.44, "Inj_peak": 2.0407172835501335, "avg_dod": 0, "bill": 371.6621116757433, "Batt_revenue": 0.0, "Batt_penetration": 50, "PV_penetration": 50, "seed": 1, "hh": 19}, "20": {"SCR": 6.849086245357911, "SSR": 38.092381062980365, "EFC": 288.9781837470469, "Demand_peak": 2.12, "Inj_peak": 4.4, "avg_dod": 0.7917210513617723, "bill": -629.3170369543054, "Batt_revenue": 381.2416415520382, "Batt_penetration": 50, "PV_penetration": 50, "seed": 1, "hh": 20}, "21": {"SCR": 0, "SSR": 0.0, "EFC": 0, "Demand_peak": 2.6, "Inj_peak": 0.0, "avg_dod": 0, "bill": 360.874, "Batt_revenue": 0.0, "Batt_penetration": 50, "PV_penetration": 50, "seed": 1, "hh": 21}, "22": {"SCR": 9.324269020071156, "SSR": 49.85095430255398, "EFC": 0, "Demand_peak": 4.197044077005141, "Inj_peak": 6.3, "avg_dod": 0, "bill": -134.86075852348966, "Batt_revenue": -1.3322676295501876e-17, "Batt_penetration": 50, "PV_penetration": 50, "seed": 1, "hh": 22}, "23": {"SCR": 0, "SSR": 0.0, "EFC": 0, "Demand_peak": 5.0, "Inj_peak": 0.0, "avg_dod": 0, "bill": 474.3852000000001, "Batt_revenue": 0.0, "Batt_penetration": 50, "PV_penetration": 50, "seed": 1, "hh": 23}, "24": {"SCR": 15.339636786363538, "SSR": 40.14354485568856, "EFC": 0, "Demand_peak": 4.902764181757759, "Inj_peak": 4.1, "avg_dod": 0, "bill": 116.88909280490881, "Batt_revenue": 0.0, "Batt_penetration": 50, "PV_penetration": 50, "seed": 1, "hh": 24}, "25": {"SCR": 46.1470651070031, "SSR": 69.22816071496949, "EFC": 181.67985024306023, "Demand_peak": 9.22016623023193, "Inj_peak": 3.76, "avg_dod": 0.4977530143645486, "bill": -11.775891945178614, "Batt_revenue": 163.1659006182478, "Batt_penetration": 50, "PV_penetration": 50, "seed": 1, "hh": 25}, "26": {"SCR": 0, "SSR": 0.0, "EFC": 0, "Demand_peak": 2.16, "Inj_peak": 0.0, "avg_dod": 0, "bill": 459.75040000000007, "Batt_revenue": 0.0, "Batt_penetration": 50, "PV_penetration": 50, "seed": 1, "hh": 26}, "27": {"SCR": 4.359727515296239, "SSR": 36.97806556216063, "EFC": 0, "Demand_peak": 1.76, "Inj_peak": 6.0, "avg_dod": 0, "bill": -202.02617545658484, "Batt_revenue": 0.0, "Batt_penetration": 50, "PV_penetration": 50, "seed": 1, "hh": 27}, "28": {"SCR": 0, "SSR": 0.0, "EFC": 0, "Demand_peak": 2.12, "Inj_peak": 0.0, "avg_dod": 0, "bill": 172.76640000000003, "Batt_revenue": 0.0, "Batt_penetration": 50, "PV_penetration": 50, "seed": 1, "hh": 28}, "29": {"SCR": 0, "SSR": 0.0, "EFC": 0, "Demand_peak": 1.52, "Inj_peak": 0.0, "avg_dod": 0, "bill": 1095.3032, "Batt_revenue": 0.0, "Batt_penetration": 50, "PV_penetration": 50, "seed": 1, "hh": 29}, "30": {"SCR": 0, "SSR": 0.0, "EFC": 0, "Demand_peak": 3.12, "Inj_peak": 0.0, "avg_dod": 0, "bill": 323.99840000000006, "Batt_revenue": 0.0, "Batt_penetration": 50, "PV_penetration": 50, "seed": 1, "hh": 30}, "31": {"SCR": 15.729079004265332, "SSR": 38.99678149987805, "EFC": 0, "Demand_peak": 7.193697667945546, "Inj_peak": 6.259999999999999, "avg_dod": 0, "bill": 219.09241169071908, "Batt_revenue": -5.3290705182007506e-17, "Batt_penetration": 50, "PV_penetration": 50, "seed": 1, "hh": 31}, "32": {"SCR": 10.108385537743677, "SSR": 26.777397775673112, "EFC": 0, "Demand_peak": 2.68, "Inj_peak": 6.859999999999999, "avg_dod": 0, "bill": 216.04948221078703, "Batt_revenue": 0.0, "Batt_penetration": 50, "PV_penetration": 50, "seed": 1, "hh": 32}, "33": {"SCR": 2.762874001353233, "SSR": 34.25842999016832, "EFC": 0, "Demand_peak": 2.88, "Inj_peak": 4.9, "avg_dod": 0, "bill": -205.70022309569515, "Batt_revenue": 0.0, "Batt_penetration": 50, "PV_penetration": 50, "seed": 1, "hh": 33}, "34": {"SCR": 11.31493816144801, "SSR": 45.874292165218975, "EFC": 273.9576024925189, "Demand_peak": 1.72,